videoid,name,page_dir
0045a769425edbb3cc70187f9b58d5af,Huge thick cock jizzing cum,N/A
004e732aab63c9f1c603eaf2271cfecb,Presenting her elastic butthole,N/A
0074d539c4d49a670a3c45b0035a36cd,2 handed cock cums,N/A
0144c695f579f437d06cb5d21df5d067,Samantha Bentley - amazing view,N/A
01ace5f2e78ebdd405fd703a81b40673,monster,N/A
02045d9c92d419c4adf5a94836cb54e9,My explosive cumshot,N/A
02a91cdc9651a8e2150012fcb2936f6b,Solo cumshot onto mirror,N/A
02bc55bde51fdc157de33a94e2d3fc79,Huge eruption,N/A
02c79a37b96a1f38cb12708fb5728686,never ending cumshot on skype,N/A
02e132afedcbfe69579f281e7d8c58f3,Women were born to suck cock,N/A
032a2bce83934548c890af4906f2b00a,huge white cock,N/A
03877de87f1688f43cc69b64ee01a9b8,Huge cock,N/A
038a88cab3a27799ae30e102b20854c3,pumps,N/A
03917dd42b52878e35775009dae58d9a,Worship my cock,N/A
0409b43b0ea27bd0258198216b3d6e53,Cumming hard,N/A
044e90aabb5335748c1486f72e4319c6,Great suck,N/A
04cc45a24f9a29a24473dac666561124,Take it all!,N/A
04d39c57bf850074182c4d677a9cfc90,"Love, worship and obey cock",N/A
0601bbb8b51ac7a605ad9e4814b6276b,Cum in ass,N/A
071be4d7a3aa535411737baebbae598b,My cumshot in the shower,N/A
074100df2d91210c5d63b6a9b1beeda8,balls deep,N/A
077a2b6116be3d6116051f08e70aa7bc,superior cock,N/A
07825139bca8be032c9094e0bcdce3c1,Black Monster Cock,N/A
07aebb1ae0b0ad64f39cea86d90bb1e5,My Ruined cumshot,N/A
07bed13f2c26bc49f8c6112667ebe872,Cock rubbing balls,N/A
07d6d9295ac3fea15704d6cf16d97c5f,Cumshot,N/A
07d7dc012248d97779ecf54d7ea790b2,Don't forget the balls!,N/A
07e1ef67d29207c571fd1c4a0ad7532e,"sooo good, under the duvet",N/A
07e430bd82ffbb33d7f1892515a4c5fe,Impressive,N/A
083479f93ea27daf74878c38a00c5fb9,Cock Burrito,N/A
086b9355951c486201267663ee616c48,Redhead suck a monster cock.,N/A
08f6991946212cd1b1e71ea49d783204,My cumshot,N/A
0a596f95af573618b25ee8cb72411dee,cumshot,N/A
0aa8c38a348826292c364a8c5f8a7ecb,Milk Monster Cock Shooter,N/A
0b07a11d48c86a272d86d02e82efb6b7,lucky balls,N/A
0b1d7bc001b70c236258d38beddd7cc3,double penetration,N/A
0b3179b7d051cdfc40c5828eb4164006,Great solo cumshot,N/A
0baebfe30c99e790d17f93164949e116,Old man ejaculating,N/A
0baf82f61479eda55a88f0dcb95551f8,balls massage,N/A
0bd7f63733da89218552b80ea2bfab76,Outdoor sex,N/A
0be0372111002fb3c28b795c8c39ed2c,fuck,N/A
0c25f540f9eb3732e19580ee6e5e4a28,play with balls,N/A
0c2a831278f7eb4bd3bb3c6baa3138ae,balls play while other rides,N/A
0caa968afe303034c65d177e305936f0,she doesn’t neglect his balls,N/A
0cdbe2278983cb261d3285b7bd2ddd7a,licking balls,N/A
0dd137e0e69eb6a880cd897676ba91e0,Thick cumshot,N/A
0e4203f4cdb1c232b865b2aee2251ecf,licking balls gif,N/A
0ec42b57f9ddc12fddcd5eda1135fa8f,Asian Licking And Sucking Balls,N/A
0ec6214e69b922e1b4d768f88db0b8ed,bimbo and balls,N/A
0f1e3885a831a5c9194f8a88aaf9335e,Phat Cock Stretching Pussy,N/A
0f787fc51a94a3fc45d029bab20da34c,gentle balls licking,N/A
0f926378a67d796629cc35e0fc3ba919,Stroking & Sucking...,N/A
1047bc4dc5327e90a99abd01381a7c4e,Babe Licking Balls,N/A
1080e3f6858f101b76c73160afb2a6d0,Shaiden Rogue go down,N/A
1147ebbfb856804131bffb3796e8a2c0,Hot cumshot,N/A
117af2be4be383c20b30f40ee42b8bce,handjob with balls massage,N/A
1182649b2a8a55ba72d5bf1f44bd74e8,having fun sucking balls,N/A
11b601edf5330f3fbaa1452e950936bb,Three's Company,N/A
11f37742a9c75bc1cfdcb5c7e39fe854,Always tip your Uber driver,N/A
1233c34d94d15d14b5db1d3687eac79c,Cumshot 11,N/A
123d7097d863a6d0f7a77ac243f71b87,Speechless,N/A
123ff2ec5224723099694f9054dcb94e,Monster white cock,N/A
126f73eb302c7b89b9ccf7d1538cb4ff,Sexy doll huge cock penetration.,N/A
1294525e3ef1b09b61fe64c812fa4605,Yummy cock blowing its load,N/A
12e13a563cc19e0483ec865274cf59f8,balls massage,N/A
1362986959c5a9d0ecea68d8061fcf14,showing balls some love,N/A
139db5e75c789678ba01865210e2808a,what awaits under the desk,N/A
140ef5e3214b9341ab32f31648a680f5,Stroking my massive 10" cock,N/A
1448de0c4402afeef4bcc05d0af5b629,clara licking balls,N/A
1487d6146f2ed818c37e54db8bd884af,Shaking my intensely stiff cock,N/A
148afc86407f9857a8cff6a71c05cc7d,Sasha Foxxx Cock Treatment,N/A
14de28c108876f826df22923d7c189a4,gently sucking and licking balls,N/A
155877adccc9cc53c9f472e0499f4ce9,balls in mouth,N/A
15649a0da34c5c414108ef485818ef83,Brooklyn Gray Balls Worship,N/A
158f1a5f1b8f1218e157d3f065c35e8c,Anal Master 021,N/A
15d1da46f0773b1f8fa31577f69e9c01,Cock Holliday,N/A
15e4991729054958f1a5906c13c092fb,BBC huge cumshot,N/A
1675492b985531c14ca93b0d35494658,Hands free cumshot,N/A
16d167a830f97115c4c2d37cf3e7c26a,Natasha Nice Rides Big Cock,N/A
1732b44cfe14d14c42562a99ee45dd66,hhhh,N/A
17a73076b4113da0fae608c7cb701489,Pussy sucks cum out of balls,N/A
17da77a58b0bf38bef9ba151560c724f,Toying,N/A
18245722fa8946449a96b67f5ca52538,cumshot,N/A
18408bd0ebe29fb8150dd64c252ea997,Huge cock in tight pussy!,N/A
187d735782ba439937d571e45dd89de8,Nice cock,N/A
1909c88790ea8cdb97e7ab75f4790ea7,Cock Picasso,N/A
1925a731845555f6b0f631bf6fa640b8,Solo cumshot,N/A
1946e4f81a05f3abe2bc549f2568314a,great technique massaging balls,N/A
19492ed42500ce6524e2d832e6a029a7,She loves riding cock,N/A
1a06b2dcda1a385fd1f61f443e0dfcad,licking balls gif,N/A
1a77fa4f1332e6a600cd066ab2443526,Swinging big cock,N/A
1b2f2b159fa2f81f654a39c8e5c25e7d,brenda trinidade sucking balls,N/A
1b3d1f7e8e859ad6fe246643bb0c6365,Killed me to watch her...,N/A
1b8fcc7460a7d32a8619512ebc561e44,Hot cumshot solo photo,N/A
1c3d8c12378bcf09e99a0c4dc42803b5,Hand job cumshot,N/A
1c683f2a9930407dbd740309f5afd0da,Tributes do as they’re told,N/A
1cc2adeed750fef93b9553f6bb0beeac,Big Indian cock cumshot,N/A
1cd39ebd0bfa597a616c71483012212b,My cock erupting,N/A
1cda8278bd2f9a52638d0ff67882d866,cock cravings,N/A
1ce4a2ee073f39d4a722c76116a83fe7,Pulsing cock cumshot,N/A
1d9d082902295752a8203034fc32ada9,Milkshake coming up!!!,N/A
1de25faa6306cbae3b5211528da5380f,fuck my 18 years old ass,N/A
1e5f021f7b56a5b466cb88de4e9fc759,huge white cock,N/A
1e6f56c807629d8a8b9247300eeec940,Cumming all over iPad,N/A
1f37099a085889130d87b389af0838fe,I'm posting todays cumshot,N/A
1f580a4030ff70f5b82655e958e169d8,Yessx,N/A
1f58ce219aaf50633fa2f6d3d0a91ba6,hands free cumshot 2,N/A
1f63c76fd9ef76a64f5f5fcc6562291a,mother load,N/A
1f662ca8e2825629d3bd541d78e6ede7,one of my cums,N/A
1f7e53834223cf8fa79fbd633e0bf3a1,Humongous monster cock,N/A
1f9a9a14d4dd1d09baa9dfed921f0cc2,Fat cumshot on the wall,N/A
1fa5f7bccac403d3e6021b7f4a930769,Huge load,N/A
207885e9726d8a8c65b33501a8dc73dc,Blonde sucking big white cock,N/A
20a4c4c485aa3e20582b4c08abe48245,sucking balls,N/A
20e1790288cb81cd81a24207b36b272e,ebony sucking balls interracial,N/A
2192bd1b60340ce2ba4116c8a112104a,Danika Mori sucking balls,N/A
21d7c7f68eaa6c1c35439b529b53d499,cock milking,N/A
220e5affa58d71f2239a38469bdfae4b,Cheeky bitch,N/A
222a4b9a48378c51e7374d176b17ba70,Acceptance,N/A
230eab923aacfc869b2a2133cb963079,POV sex with monster cock,N/A
234571fc1d9fce140e07a35aaef062b8,Blondie being ass-drilled,N/A
23776c7e54b89557530a7d9fbc65754c,Blowing monster cock,N/A
2402c47b9986ec8ce94e39d523528948,Spraying everywhere,N/A
2408177ed12e6a8ce6c617604ccb0bd2,Thick fat cock,N/A
2441b314c718f4accbed7de7bd54c09c,sucking balls,N/A
2443b83e1954ee19dc12cbd50d87d5dc,Jerking off my fine cock,N/A
2452931c9f758628c799e1d29293a5e7,Supermodel sucking cock,N/A
2480a28846cda8ff51ed3f3fb67eef29,Interracial blowjob monster cock,N/A
24ee03eb8a4503dfc054edfe50300a23,sucking bbc balls,N/A
24fb577f45ef5c9ec44262a4c0e351d0,I Love My Daddy's Balls....,N/A
2525fafa4ff5f71398b926053d0d4c55,Rubbing one out,N/A
2534de30acf334367b37a2e8a6592deb,cum for you,N/A
25af1d31c990976d742675a61d4ff0eb,creamy cumshot,N/A
25f24373dc9b707445ab51f3d8ad71bc,Beautiful black daddy cock,N/A
262587b6db1fbfe33c12cd91145a7cdd,A real cumshot fountain,N/A
26b7fdccf56b9afe7ded6813858618fe,redhead sucking balls,N/A
26b9ca0e7933c9b4ef2368cf5bf126c0,Huge cock,N/A
26ddc4b4c5ec6d9407d244c174290a93,Cock Mongol,N/A
26f2282d8bac9b27057a36d923f14bc7,Proficiency in sucking my balls,N/A
273c3438c1465ce2aa77fde507009f98,That’s a thick load,N/A
2848a77326a7a3b9ddba4d05e384c593,Quickshot cumshot,N/A
2879ad87c54f1f201b6d7f49e17914f4,Lick and suck his balls,N/A
28937842f742fc5c1caf4042eb6fc826,Sucking big cock,N/A
28a674d5d61f377ac2aff0ca5c691993,big cock handjob cumshot,N/A
291c3b6af28e3926b2b07e095af9481f,balls tickle,N/A
291ec79cdf5c72fe1e841b7edeb9754a,Cock-Hungry Slut Hard At Work,N/A
2935f4641cfa2eb7f4c42092ab4decd5,Amazing solo cumshot,N/A
29749d3de3c9dd4191fc67af5192f103,Thick cumshot,N/A
2994c29a38caa349efafe160b3998933,Satisfaction,N/A
2a232008466b9d44de840f4f5e7010ee,Slut barely fits huge cock in,N/A
2a6d9b6b11cb85ab972089ba6d69f49d,She's beautiful!,N/A
2aaef0f0489906cf5e195f4eaeefd4ea,Whore cumshot solo male,N/A
2afcf1babaf8e820acf228081e598c31,Suck it!,N/A
2b41d7d65bbb44d5a5c0679abb247d94,alyssa bounty sucking balls,N/A
2b5984dc180185f0aa77dad673dd942d,Latina assfuck nailing,N/A
2b9a0ac29ba1ae42e2b7be22821aa453,Balls deep deep throat,N/A
2bc6e74b8d5f72bc26da25ffabd0d3d8,She takes huge cock in her ass,N/A
2c0e57a9dfb4c5ab4b8e55b4d4d42ad5,White monster cock solo cumshot,N/A
2c18d76498250b83ff43f4e8a03f4e67,Lick huge balls,N/A
2c84e50aee619c84c8be1e6c29d68409,she in love with my balls,N/A
2c95c34abf5bfab38622eb7f053cdbe7,lela star licking balls,N/A
2cac727793d4e05ed5a460264fa0affb,Wow for daddy’s cock,N/A
2cb230badfa4ad7193fe3628827dc7b9,Women were born to suck cock,N/A
2cd3130495eb99638dac8b5db0e874c7,Balls-deep anal on bed,N/A
2d2a4b049fd5ef668854b09e87e347c7,Christy Mack Sucks Balls,N/A
2d3f3399d42cbd92b782713d0ba31cc9,Pumping a nice cumshot,N/A
2d64b1f5dcf355c48aee8c6ea800d078,Huge cock,N/A
2d89054b05a5ee44cdb68c00c148e915,Exploding,N/A
2dc74c9f19e4ac66ac5f3a31af5b6326,Big load,N/A
2de4b0ecf91be35d3de460815acc7b51,Ava addams sucking big cock,N/A
2e1158e9ffd452489596bc131143eb11,Two Fine Cock-Sluts,N/A
2e511961ff66f02d798cfa2d89f8f11e,Deep Anal!,N/A
2e5f0b9dd310fdbf5674e9df746ff3ae,Beautiful,N/A
2f034583f34eb682cad648ed676c7178,Another hands free cumshot,N/A
2f874efb170e36645d23ffde2a91633e,Horny makes for a nice cumshot.,N/A
2f89872dbd44e32f1e399dbd4585e4a2,Precum flying from a huge cock,N/A
30098dda0ab9ccd90957061b408b2926,slemgem sucking balls,N/A
3024935999ce8d80bfa1de92a65157e2,Hardcore cock milking,N/A
307a7b50598389bcd6c38376a6b2abdb,sucking balls,N/A
30be385a55b1a8cd843e325838a736b5,Balls a pumping,N/A
30f4ea69560f96ff864c1dc20c0c2d06,The Dude and The Cock,N/A
31537a812f205c7d5f9237d972d9cff7,Cock Salami,N/A
31a37bcf47bba761a40b377146a7a76e,Meg worships big beautiful cock,N/A
31b9b413b44e04fef7082a395d1dab0d,suck balls,N/A
31eaaa72bd29f6eb087cebb13cbba87a,Don't Forget Daddys Balls....,N/A
31f9e462b00bd4231e4e5ace35415c28,Hard cock goes boing!,N/A
3212bd6ede0061d99ffd264ebc23da91,sucking and licking balls,N/A
32a064698a3214597651bed9a53ac1b6,sweet asian licking balls,N/A
32af59a09d3f5559fc7d6fa82485987f,Monster white cock cumming,N/A
3307ba5fbbbe982cc6e4e3798ea6e74a,balls sucking heaven,N/A
3345b274a5f4f61ab5ea678b6817e4ed,balls play,N/A
34d3f170f7c660eed820776170bee24f,SHE LOVES WORSHIPPING THE BALLS,N/A
3549405ea9669097e960189cf31d4813,Brunette teen sucks big dick,N/A
35556e094edde1d56adca1e91abc6609,Cumming in her mouth,N/A
35acd2ea073a4c4dd80eb58b545cd6cc,Brunette sucking monster cock,N/A
35bfa706007e62d9d12b4ee714f33646,Big cock facial cumshot,N/A
36841eb69be3810bd9dfccd97db9e00b,@Cock Riding,N/A
37d085e38cf88f921083063beda9cab7,some love for them balls,N/A
380b38c84188dd419fdf3b175849d7f0,bbc cock reveal,N/A
384ddf118b816e2cbfa995ab3e64ce78,infinity cumshot,N/A
38525ee4d2ae49f709cb2a228cce9945,huge cock deep inside teen ass,N/A
3883cc528a00340e5adbb73c5f99c844,Licking cock,N/A
38a80105a2aedca032adf6e4b3a3ec38,Monster cock adventures,N/A
38d0f317c5251c0bb7a9ee625273f991,Huge monster cock for you slut,N/A
38e240ceb364e9d94cb0490726798cd7,How I make her wet,N/A
38f601940de1b7e7dfc67256f35c6338,Worshiping Cock,N/A
3972bc5bcf7094c5def1d2fff3a41b57,gentle balls sucking,N/A
3973947dcb67ca3b97283632d86bad9f,Servicing that big cock,N/A
39dcf95f53274e4c9bc8df75d9bbd324,Riley Reid suck big balls,N/A
3a14e51fdd2db3bd27b074d01346cbac,A tasty treat of balls,N/A
3a164eaf7190772d1f52721d97b9e98d,Big cock marking his territory,N/A
3a3d3e2bee15ccab158b7bfcca3aeff0,I need sauce,N/A
3abc552759a3b2953e5cd7ad6b340f97,licking and sucking balls,N/A
3adedd9625f11a09918bde6dbfd4732d,hands free huge load,N/A
3afdd79455f35d1ffe980bebf01d0286,Big cumshot solo,N/A
3b51b042b897542ab4f44d4ba84eb63f,Cumshot 12,N/A
3b7c502aae47ba04130f75a3d261cc6e,licking balls,N/A
3bbf3fa74a92c9cb4a557f2c3060cbf5,Big Cock deepthroat,N/A
3bbfd9a9cd35e219870cf5647003ff16,Go deep and lick my balls,N/A
3bc1e1fede2d1f6fc19345fedb51e3f0,That smile at the end,N/A
3becf53ef3e72644e808b8c00e4fe577,Cock cumming huge cumshot,N/A
3c1c961238fdcc69756448f47589a169,Silicone enhanced balls,N/A
3c90bc4c7d4106c5352d773fdd84c050,Her tongue all over his balls,N/A
3cea42e5ae3db1a014b977f9009021e0,audition,N/A
3d598374495770b0bcd2d4407d1f2506,Huge white cock solo cumshot,N/A
3de56546054e06400ed0d69eab4145b2,huge cock cumshot,N/A
3e5bad5f2330be1a719557c8578b9f5c,I jerk off onto my own asshole,N/A
3e80e7c6ac353a557ecefb5807cbbd9f,Kylie Quinn cock worship,N/A
3f524584d54b8fe7afa592ed2d685bb0,big cumshot,N/A
3f8f5b6456b288e614a4fc04fac2c748,Now your turn,N/A
3fa63da047b03c636a93a11aa0af86c1,Asian MILF teasing a big cock,N/A
3fb420ab6cf8e2b0cf4d29433db21049,squeeze balls,N/A
412a5938680b4400efee64bdbe575a48,slap them balls,N/A
41c7b962d6f6fe2268d2bd704b6d569a,Pocket pussy cumshot,N/A
41ce629f26811d3139f5e9e4b93ffb55,Sucking on monster cock,N/A
41dd12b912908af3ee8070251e362dd5,hands free cumshot,N/A
41def57ca69fa0af8fb6c2d7aab1ef06,Huge spurt,N/A
4209754bbe6c7636ef780e9083612758,Happy end!,N/A
424beda1ef1d137429ce5e39413a36a1,Oooh yeeaaah ... Cock le Beef,N/A
42899da84d8a36ef42aa90768acbb2eb,Monster Cock in Action,N/A
42a8498f1d9f800a1844b8a4546c1eeb,cover my belly,N/A
42f47300e2ca2306cc8103a72d0520f5,Balls filled with cum,N/A
4304093d22658a312f10bc4c2409e2a3,shawna lenee licking balls,N/A
435069fe40c6ef54ed3427656c90d353,Hands free,N/A
43784bf6070750a2c09dc0a44b90257f,suck,N/A
43c75b6759042ddd01d381391a84d351,teen huge cock,N/A
43e8ae421d3b21cec635de30ae2485a2,Very happy monster cock,N/A
448e1c91f3b99db860af9b73168b81bc,Eruption,N/A
44b461ffa6b256478584634e92db49c4,Ropes,N/A
451095102e1d72f251c8bda0d135f797,Emptying those huge balls,N/A
45137d26ef0a37c994aa8f75e8f875ac,She is Addicted to Cock....,N/A
45143b2c09c503e917549558209f6bc1,THOSE are some Low-Hanging Balls,N/A
453771d19ca162270af3f08d671a9f96,service that big cock,N/A
456864e97dcafc6abd4be81cec09c870,sucking and licking balls,N/A
45fee874ed80a45a005f83f8953f1557,My cumshot,N/A
460629022618de7fa1b0029fe647c0ae,puppy eyed teen sucking balls,N/A
4637786045f9d9009cc1a3ad1a8c8a03,danika mori licking balls,N/A
463cf17523f3ca2a360a0e9795812421,Balls deep anal,N/A
4709459b2bc471ec1ef99489d481a2b4,sucking and licking balls,N/A
4713e558e73133a6f55ca8d3adbde99d,sucking balls,N/A
4722b84049fb3472a500f9220682de86,Big Cock Gif,N/A
47d0f5949a83f079027a2af680d82298,seltin licking and sucking balls,N/A
483ae56f9afb9581f64f62f10e92fbd5,a juicy moment in his car,N/A
4882582a88095dd518de8f0eb8b1f317,stretched open,N/A
496c15b7f4a97987837bb2097a2a1bef,Big dick stroked till cumshot,N/A
49791834ae1f05563ce918d500dd6bde,Cum on Face,N/A
4a6077c3efde5be6c8b1171c0e7b998b,Cock worship double head,N/A
4b16c41347e9e67065d6f832647f704f,Spraying everywhere,N/A
4b3f4876142684d9274edd18294bd292,Arianaaa Loves Sucking Balls,N/A
4b6d686265fb69d41a6606bb5feff4fc,teen takes huge cock up the ass,N/A
4bbba93433e0327e96468dd0c8539eeb,Are you addicted to cock?,N/A
4bebbf46887311d95cc1135d8df691e3,Hot Laura Saenz cumming,N/A
4c1f76bda3b9dcae4eed8a7e35b390e4,lick - suck -balls,N/A
4c2442cce549f3ee072e6e40e3585027,"That's it, lick my balls",N/A
4ca73727a1b92826f2dd55682364a81f,Spit Monster Cock Blowjob.,N/A
4d17ac886362623b80efa2c20ecaa2e0,Licking her Masters Cock....,N/A
4d2f68df5e96a323c77bd9950062760f,Hard cock reveal,N/A
4d8004e1b949005a2b2b720b00181fb5,Licking Balls Drives Her Nuts!,N/A
4d8d6532c44cfae8ec46833a36481d90,Anal Balls Deep On A Boat,N/A
4e1e0c1c574397a8943e931cf98a372a,enjoyed her deepthroat,N/A
4e8cce1f90790eecd9dbe3f04b0c5404,lick his balls,N/A
4ebbcbc9ac86ac1c44b6901a8c33ba84,Wish You Were Here,N/A
4ef52e87570b0c2aac9ace2b4cb34838,Tasty balls,N/A
4f25ca96c0ceacb893689e29163f7884,surprised by huge cock,N/A
4f397ea5deb56893db7947f6a2616ba9,grabbed by the huge balls,N/A
4f5637da8049c33251ef1be98c176834,This is her first anal,N/A
4f6508393ed1a743709caa294448344d,Thick cock,N/A
4f83fde707063e9f05cc3fd876135df8,Erupting,N/A
500ce58e1b90302b6891130bd82a4b48,cumshot,N/A
50d553d34f17142323b1d9ce443b9ace,SweetieFox,N/A
50de6063ce7786756d618a70d0d9088b,Huge cock anal pounding,N/A
50e7ffc4d33963ef6b7b811e0af973b4,balls massage,N/A
51717f55cebe4e211593b46e16edc679,God god she can take a cock!!,N/A
51725108229e7cdca7a3c0ac563dbe4d,sucking balls blonde,N/A
51953ad202bc609bd62f505b916a74ba,cock and balls,N/A
52498d83e7a7f5278dee502deab5c407,Cock Salami,N/A
52a050ad9d110a7001f9778d89f6c2bf,Asian Worshiping Black Cock,N/A
52bdc1380be3e3af5364b37fd485133d,What is her name?,N/A
532afb2a7ca044456b9d0d0def9a2eec,lucky balls,N/A
536bf4a8b66f60a4bbeaa7081ae2eff8,Big Cock UP The Stinker,N/A
53a8c076312259c9897e338941d91524,super cock,N/A
53cd66a660714dfab4a2131122756637,Big cock cumshot,N/A
541b616513f080157d7662a35f8b09f7,perfect cumshot,N/A
5425d7aeee6b2659a72da12e9febea15,balls deep,N/A
547a8d3b65beb8bcc45dbb2d8d0e2335,melody fox sucking black balls,N/A
550c5a585a4f929ab3ad9e08e7ec2aae,Deep In Her Throat,N/A
55fe2e859f493236cd8dfabd23f419e4,My best cumshot,N/A
56099398e91d2540710ea0a846f047bd,Balls deep in this bitch,N/A
5647aa23d3204717a5e0a83ef5308212,now suck those fuckin balls...,N/A
56595a41b3feca99fc57e1fedf3f1c21,His balls must’ve been aching,N/A
56789e19d699cf2289f463b27e5fb051,Cumshot Prostate Orgasm,N/A
574c70199002047ce3abd289096b4474,Swallow it akk,N/A
574e92e17392f804e2ddc5aa9f8dda06,Cock bondage cum,N/A
57cc60158f82f10456e2005aed4b2de1,Solazola,N/A
5883e8f2bb46411ef4a3a9523af8efd9,Hands free cumshot,N/A
58ac74b4f90c22a2acf1995d49c3ac46,Cumshot,N/A
58b3283f2d5d7ccde5d8fa1a7c049ba4,Semen eruption,N/A
58d80323e8ceae0d8d01d964dcc04d68,cock hungry,N/A
593054abff9e99406dec8d20e6e37a0f,Random fun,N/A
5a0573773d44934744b138bcd7d21716,Balls deep,N/A
5aee21ea6ec0262cdae0d86b368db585,Cock & Roll,N/A
5b2db81e61fda33499278185549dfe9b,Misslexa licking balls,N/A
5b690ae330369b5b8eda207aecfc7b9a,sucking and licking balls,N/A
5bbbea7e420b9a9225eb76dd7e146af0,Jugando,N/A
5bec2e3d3c6f1aac35f2fa6a7c9c2520,My cumshot in the room,N/A
5c1ff29d0ab278266803efa1d3dceaae,milf licking and sucking balls,N/A
5c8c520b46e0026e79321978667ea550,Do I have a nice cock?,N/A
5d16d1eeb0efec5ed0b562b32d6da7a2,Perfect ass fucked,N/A
5d18e4c14f30a7f1c3da772eda0bb807,sucking balls on her knees,N/A
5d39cd5ff060000d4383d0c190a280b9,messy,N/A
5d67a70aa0a1fbb12e86ce160aa10eac,Shaved cock,N/A
5d6dae82fa387f36061347af09e9dbaf,Worshiping Daddy's Cock.....,N/A
5dc45ed456bec2832b932e217cc36835,Excellent Tongue Work,N/A
5de8267d4a9e2589de25a2901036a4fe,PC04CS - Cumshot,N/A
5e2a5e3b2ef73376c43fdbf3ca6d2a1a,squeezing balls while fucking,N/A
5ec5564c935ba3a01cfaf9c089f64e10,Lick it,N/A
5f594b33a388c6d3fd1f8e5fdf8c6a27,desiresxxx 2,N/A
5fc5fa9337f954153f940af93700c580,Polish that big headed cock,N/A
5febd2524fc22070e0da5a4c535f233a,hot cumshot,N/A
600edaea838b3f5e7c1bc8a5e8fed79b,Deepthroating some cock,N/A
600f2bf1aace3a84783f18feb7ae29ff,Sucking black meaty cock,N/A
603a18b1e2c892f308205aa42f436033,BDSM deepthroat,N/A
60ffaa78e2dc9d812bfa644ddedaf9ff,emo teen babe sucking balls,N/A
61c8bfed82fcbb68e272436390f5ddf1,Blonde licks balls,N/A
62b09cf036af406de70c709c7f03b8ee,Sucking his big balls,N/A
62d833bd19d09f6c3e93ecf19e8d486e,Bouncing around my huge cock,N/A
62f32ca79da649439a0ff5699450536c,am cumshot,N/A
635423ca419aed7286de3b5ea5484ca8,BIG BLACK COCK,N/A
63d3feafe5ba1186587315d031a68468,Black monster cock penetration,N/A
63d551f73aa2bb1aa5d11feb6d01c7cb,Cumshot,N/A
64155dea4cb913085536ce455041310a,Slow motion cumshot,N/A
643f7a33c8d319c62dd50015db36ea97,She Loves Big White Cock....,N/A
646466be013ae382b6ec4882ac33c21d,Huge cock,N/A
647e86abc38e04be926f87d2bab7063a,Tight teen ass,N/A
64e6793f3f6c7e951a783ae641529548,Suck them balls,N/A
6516342a57198d5891583997561ac9e5,balls deep,N/A
652a5fc8afffa961e88bd111e70c02b5,massive cumshot,N/A
653e11218178f5fa557a1180b84d1748,Massive cum shot,N/A
65637eaf767d2aa85197a7af7d54dd7d,Copious cumshot,N/A
6575b70dfc8fa42453a14df8f606958c,Cum in her latex ass,N/A
658d0f246a0298e4d908f6e20aed71b6,beauty sucking balls hard,N/A
66a89a053fcb402036e1c15d54216294,licking balls gif,N/A
66b3afe1827cecf717ca5e76affc05fa,taking care of his balls,N/A
6703253d5d3ad5928e071bd1ffe50575,Balls Need Love Too...,N/A
67038b6964a1b5e541a7046c78835fde,Teen vs monster cock,N/A
678cb54e79d8f0e6d9ff3ccf537c5472,Frenelum cum,N/A
681bd68afec223ba1d76ad72846204df,slowly sucking balls,N/A
682eec6cd7dfa64372c179fa83e01df7,lick balls,N/A
688d9ec1704611dfd1b433628f3186ff,The Biggest Cock Shes Ever Seen,N/A
68eafb7fcaeba338066dc75506f7973c,That is a big fat cock,N/A
68f6d1bb987b3b418849141fa5d5f121,Gushing,N/A
69607f8e688e559147c4eb67e2297781,Sissy tribute,N/A
699023bd8855b6522c36aa4d672a6835,sucking a freakish cock,N/A
69944ea31c7a628520570dddf1183997,Slow Cumshot,N/A
69ca8cb5cf288126a8777958f3efb8a7,Hands free cumshot this morning,N/A
6a2f3e6c6e15cbcdb2f04b82f7a35cb7,catcar8888,N/A
6ae9d22a9c0cae44f2e5e563bc82a149,Beautiful Asian loves cock,N/A
6af65700135eab31ec18489a1444a9ea,Now that's a cumshot geyser,N/A
6b12e0e22dbdd9e6e5599e6cde1f6302,Big Cumshot,N/A
6b4e5757e45f36e0d9358dbee9dfeff7,sexy cumshot,N/A
6b7b431c59667cc87404e4caaa72e101,Huge cock,N/A
6b8f9da7e521cd6329715b464f95ce36,Black monster cock pov blowjob,N/A
6bbdc940a8aa399f6d063dd1eb50ea66,Nutting Thick Just For You,N/A
6bcc4548160402c3f814a9e2338dfc1a,BJ,N/A
6bd6ad45376b4955510cb232c5a2bfa5,Jerking Off Cum Load GIF,N/A
6c0884ada4ef7c39d4c1a8cf267f1c49,Cumshot 18,N/A
6c2cec45e2f36b2857e295cfc164a614,charly summer sucking balls,N/A
6c63e6392ddd1a03076ca9cb5f437d89,Zoe Doll,N/A
6d1ffbd3efb6c1a01ae80943523f0965,balls play,N/A
6d40f216a692ad3a1f60232353de2461,Anal ride,N/A
6d74765f1314b61089137a11a04de828,Cock pumping,N/A
6e3ddabb057ab9264d14c7c8eb9c85cb,She loves taking care of balls,N/A
6e523b41c9c21d2eb42b6269aa48d8ac,Big Tits milking cock,N/A
6edf7ee0b89a15d73058acd2310f13ac,Huge Shower Cock,N/A
6efd6699ebdb230b44ce32542bcc746f,Don't forget the balls,N/A
6f93cbaf7fb54390a9169e25babe3a15,sucking amazing beautiful balls,N/A
6fcb74c81e0506ed8d2202ea2a65e616,Balls????,N/A
700ba0f1f176fdb76f933d7ad1326a6b,Teen cumshot,N/A
70c0b8ae4d01bfb218d6c7b769341b1e,Amazing cock worshipper,N/A
70fc01e76cee32af25b8df9875749590,Petite pussy vs monster cock,N/A
710834b4bcb556e415b11e04222b693d,Worshiping his Monster Cock...,N/A
71909cd08f92aee12a4d1d3ebe9bd81a,great technique touching balls,N/A
71a40d999f22a29fd92ccfac67c28e53,balls massage,N/A
71c2a78e57142b1b01b6aeabcc410e2c,Hungry mouths for gorgeous cock,N/A
720e151b332240dd0274f2cd7468cf5a,go on....pop a finger in,N/A
72101a810547e3d75642f5202c69938a,Cumshot 15,N/A
723dab8d707b261bbd37f8d4b6a0157a,Cumshot 1,N/A
72a1d0ed69d5bb8694767fd808c51050,anal pouding - alexa nova,N/A
72c12f9726ffd8b39a806e8c96ff436e,Sucking big balls,N/A
73cb9b559964f520625540bcae37fabb,Skinny teen riding black cock,N/A
73e6af1cf9dddb4646b06e2911eb65be,Fat booty for monster cock,N/A
73fbd536216e5a2e0086c539be13e904,Huge cum shot,N/A
7417e85efeba13baa82040384f6820e0,Cock Cumshot,N/A
74bd86e1b0707300b4f56a612c9ac792,Big monster cock,N/A
75c8056efb17c45a8e8bf5709155cc3e,Solo cock ring cumshot,N/A
75cf30fbcf9a075bfc78ff862b3b02bd,Misslexa Rimming & sucking balls,N/A
7670b7614f6993fbf60cfad3cdd663d8,tongue action on bbc's balls,N/A
768c8d32f000f22e88c7240651c1b74f,licking balls and tickle,N/A
76c6f34abb32211c34eb1fd146fd7cea,Milk Bone,N/A
76cdc41c2f0a9acbf1df2e72a813622b,Big thick load,N/A
7708e5f7cedcf6c74fa15fa107dc9a3d,Big Twero Cock,N/A
773a9be51b8462650da1413101b1b7f1,Huge cock,N/A
773de1162023f0ac2155c6f2d7f929f6,Ginger Big Cock Face Smack,N/A
774c3baeec242528e85d80ef798e936c,Sucking Cock,N/A
774cce44f10fc4d020d20409a70c132c,Copious cumshot,N/A
7847f55046c01962e0ee2002fee31511,hot babe sucking balls,N/A
7987a536927224d626c82f9b9eccda22,sucking balls like a pro,N/A
7995658aab94fc561e124e0df99d3366,Balls to the wall,N/A
79ad4a51021e133ba229ef371b3029d4,Big cumshot,N/A
7a528056ffb121484b9db6020e3ae542,Cumshot 02,N/A
7a7e19f83ff0ba7e3f6b565c3c23a055,sodomisée,N/A
7b29522360baac1dd7cf5eefe2547951,BBC ANAL,N/A
7b4e679d8d54b0729d47c506727db499,Cheating girlfriend,N/A
7b77129fd43d4cd44ab104cc848b890c,Riding big black cock,N/A
7be084bc7aac7ebc80c3b0a2c8a8f28c,"LOVE ME, LOVE YOUR COCK",N/A
7c0bc63d1550c920175413483d63a843,hot babe licking cock,N/A
7c4cc0a23d57975557b6f95cb9434df5,sucking balls cumshot,N/A
7cad7a8f77666d8bb7f727af6114008b,by the balls!,N/A
7ccb4bec248e306655e1374c03e4f0cd,Nice Cumshot solo,N/A
7ccbaf6802c30bffd7de50eab6f111ce,Sucking on a big fat cock,N/A
7d3ed706dc9d7c67d242100c9e634986,bwc erupting,N/A
7d44aa7bc51aa4d8f25a0df93998b237,Target Practice,N/A
7d4d95d378902ff80abce11aeb0d658c,Camgirl slaps boyfriend's cock,N/A
7d4f862347fb01aade63c1f2e2c2d8b7,The cum fountain,N/A
7d7140d4b036f2c9faaf22c7a043edb1,showing some love for them balls,N/A
7e5892e3ee006e9445e081556c0c2a2a,Cumshot 14,N/A
7e96149707ac509dde0df13acda1549c,sucking balls,N/A
7e9bded13f972b34df0927b415a82d57,big cock in little hole,N/A
7ec4a893c242c0fd6879590260a9d5c6,Asian Teen Big Cock Surprise,N/A
7ed1a44cd526d5036bd6ba4a90c2b56d,"Solo male, massive cumshot",N/A
7ee32153f50322995217f8859263647d,long ropes,N/A
7f1b439425f5e60950a1a24b185afb32,Cumshot 2,N/A
7f1b8c9915275fb1745af3ad292172aa,She loves teasing big cock,N/A
7f1c6eb464b0ab59305761c84593fab4,Monster cock reveal,N/A
7f8b5956ce50aec6f2de6b60dfd60178,Quick job,N/A
80d180f653c5c84012922082c2c3aa51,Lil Fluffy Clouds Sucks Balls,N/A
80d97a4b3fb8679aa180c3f75b938e7e,She’s really into it - SlamLust,N/A
80ecd16c904a146207b6e278e82d75c3,Anal shower masturbation,N/A
817673db81adacaf5bd76484480b7a3b,Hard Deepthroat,N/A
8192e627b99e59ed6abc234625981e90,bwc ejaculation,N/A
823f96579e860585b45ca08d6ad196d0,babe sucking balls,N/A
828f64039604c9e928d3fef5c257634e,69 - So delicious cock,N/A
82a6d6e008772dbb594ff9142a0dda8f,monster black cock,N/A
82b7be5c76c68a2e0c137c0b317ef012,Not the hole she was expecting,N/A
82b99c0df9347d1b178ebdce174938fc,balls,N/A
830ce1af2211e241d201c122b42716e7,Amazing Amateur Ass,N/A
8317345b82494f8ff6f7609ec41d4ec8,very sexy cumshot #2,N/A
838863f59d33484d37dd8fac6fc11ce3,She swallow all of it,N/A
83d6afd0a52af1d5593a462ca68086b5,*plop*,N/A
84140ecf55b8056cd27eb5bec9dcf6ff,teen suks big balls,N/A
84a8f214ecc8d5a23fb7c5bdbe6251f2,Cumshot,N/A
854a507b635d2273aa3ac542caff8a10,Thick eruption,N/A
8570ae5ec7ffb3dc73341173adc3b401,Endless cumshots,N/A
858ee7668fb526267bdac17485f22fb6,The Perfect Cock Sucker....,N/A
865191a9aaf6eb9eb23446a55df1d3a6,ебlja,N/A
87fe3650d357798c4bd81447b7b53b23,Cumshot 16,N/A
883463fa79c097c1b14425d6e46fd3e8,Big white cock cumming,N/A
885df61ebc5c336221cad698f734b3f9,Cock Roulette....,N/A
88687fe14b524a78e971226b143c14e8,loving the balls,N/A
893823c09d5e8a2c0e72100d4c0af643,Suck His Cock Bitch....,N/A
898f78392f186c2a3d3d4b744b423927,Balls deep,N/A
8aee34ce7d390bae6a6a1f8eba5d0fce,My cumshot in the shower 2,N/A
8af982aaaef825cf099ab290883090b8,Ruth Lee,N/A
8b0f9af6fa6e7b4adaf6501673971c02,tickle them balls,N/A
8b23c219463cec6c3ba3d009ed661467,Taken balls deep,N/A
8b844ebc132dc221b512b4b60e7b2891,sucking bbc balls,N/A
8c23b2f1a1ec6c681eb5737c906a12fb,Swallowing His Huge Cock....,N/A
8c68a305b10eea6c13dd5ea51274ebea,sucking bbc balls,N/A
8c6f498b766868fa189cbb1b739d7781,White Cock Interstate Cockway,N/A
8cd62622308ecf3261bb201c2d832276,Nice anal,N/A
8ce96c97de36f3e580d800903685890c,Throat that huge cock,N/A
8daffbcac5ca7bd7d8b99e59001d5490,squirting,N/A
8e03313f306d2b8040b3c67e8cd9489f,Huge rock hard cock revealed,N/A
8e0388950088e25071a5ffda23ffade6,skilled teen throat,N/A
8e08526b72d127c19232b1d877853656,Suck my balls,N/A
8effd37df8f4aeddf870f2dc5ca6ccba,bull balls,N/A
8f01c9d17c53c1edd3629601b1b09edf,Bouncing cumshot,N/A
8f9110831c045706a7a53b455cecb89a,Liya Silver anal,N/A
8f9fa7a990361c8f39944b53bb238265,sucking and licking some balls,N/A
900013bf41b8824eab86088aa4988f42,sucking balls real good,N/A
90e3d6281240e0dd341ec719f3a23ab0,sucking and licking balls,N/A
90e6264e63b4ea0a7c79dba43518da32,Huge Handsfree Cumshot,N/A
919a239c9970bf500ae03643eea30903,BBC solo Cumshot,N/A
91c496b09dae599c34d774fae2804c8f,Babe gagging cum in mouth,N/A
91fc49b96eb4b5882c1ff7dac2c8fd2c,Monster cock monster cumshot,N/A
927b9f5c51cb87a611a758384885a8ef,Bitch sucks on his big balls,N/A
939ed8539a05f393487595a65727ea39,Licking cock,N/A
93c60adee451df8942289a396e045da9,White monster cock solo cumshot,N/A
93d7f3b781e3d66c40c3405d545e2b7c,Cumshot 7,N/A
945574bd173b3fd3a05b5325d1e18fd2,Fuck like a hipster,N/A
946f474700c881fd55b980c078b6ec97,Lovely girl,N/A
95438b08c69df3422912e293fe9d9e9b,Your bully’s balls taste good,N/A
95728ded13673c8a8d10a1c37a8f271b,I cum in my hand and eat it.,N/A
957cf9b5442dfeccea84df251d16e3d4,rubbing balls,N/A
95b2c801616700c2fb25c733165df4bb,Anarchy - Cock Rebels,N/A
95bb1e07d05116f96efba72aec45a310,My hard cock is too hard,N/A
9621eb04cfb0eaf1dfb76c469ac7f07c,Black cock are real cock!,N/A
965a5a626b2ef961a640187c7d7aa9f7,Hot blowjob,N/A
9675bb9ba00252b31c9b17532f56ea02,Aria sucking black balls,N/A
97e797a99077738528108d1f4cbd9de3,Anjelica anal riding balls deep,N/A
98de27dee28f2cce939192ad8240995d,Energetic girl washing his balls,N/A
98e0266b816375cb4ed6df5b96302a92,Fleshlight cum,N/A
991ae9c0de2a1861b50f4b78bfa60623,Take it all,N/A
99c1a02286bf6f88c205524c21fcdee7,So juicy cock,N/A
9a26fe940215dfee5225aa1807488725,Anna teases both,N/A
9ad074e4402a238248d6b5575853ed00,Magic Wand Cumshot,N/A
9b63cdd94606fbe79ff8fb1f46f32ed0,Electro balls bounce,N/A
9b82e3439f9709a36761531fe4005959,Add me on snàp,N/A
9bd715fa2fe90442ee2230a8d8db8474,licking balls threesome,N/A
9c5d87de5b5e4457dfd7ba1e4ff91a85,Big bwc cumshot,N/A
9d16735f6f91dcc179e61a1572e015ac,Playing with my hard cock...,N/A
9d3026e9458ff23d509df71d71e77b77,Built for huge cock,N/A
9d6b0be25f3a18e3f5e1a6802e2b2c59,Just a drip of cum,N/A
9d92b01934d7149dd2ba5328d7b26cc4,Big balls just swinging,N/A
9dd09780f5f0e3355d3d1170cf8980e8,"E's" page is so fuckin' hot,N/A
9efd556dbb34a1066a1f61bd29ccc78e,Cumshot 19,N/A
9f795bf3e0f27833767bbd4cf733d149,balls in hands,N/A
9f87eaabf8c37eda31ae007255c40ef2,Suck that cock,N/A
9fa42bd463937e887400a013a0bdf92b,Cumshot 3,N/A
9ff95a0219abffbb1982612ad3844ca9,Hot teen ass riding a big cock,N/A
a06ddc5f7b504fd7146bb5a99d3e62a7,Does this look like a good seat?,N/A
a095539b478c579c91bc955d2f9dc6c4,licking balls,N/A
a112052e43c344cfc25590aba658da0b,Huge edging Cumblast,N/A
a342eba7001eeedd8881b42637574023,Cumshot 9,N/A
a38f5ca48e2455df86ca6cb274c31b93,mina luxx sucking balls,N/A
a3f834f5b9d23b18b9f60ac36f44cc08,Cumshot 2,N/A
a410500b24a7f0ae0684d759822af9f1,now balls,N/A
a4150405c0fcdff35ed710a08cf1eeee,Delicious sticky cumshot,N/A
a474aab9884178da2c3c71b8320b39fa,sucking and licking balls,N/A
a51b006b905ec738332239716f95af95,Maria pie solo cumshot,N/A
a598e8eb077ae0159020e07f756f7856,Long stroking her ass,N/A
a5ea01505e1819aeffd4ae93ea8e6609,Cumshot 4,N/A
a6cae88ca8c7f0e83b8594dcec3412ab,Cumshot 20,N/A
a6ec2e6d084d454144fc87ee44187d89,Another SLUT taking a huge cock!,N/A
a6f66b88b53001a9180c98824a795730,sucking balls gif,N/A
a7208e10c53ec43a19b8158e02ce5e68,Brunette Licking Cock,N/A
a766d67d4d36bb1c99d52c42f4de3c8d,Petite ass anal,N/A
a7e803a424db5e40252aeb015005b956,Amazing cock and balls worship.,N/A
a7ff68526eedf2ccf759a0282844a8ab,Sarada sucking mom's balls,N/A
a8479134be96e5bbabd45eaeb0ae81a7,bubblebutt sissy hanging balls,N/A
a8725eae169fd86921e2d54834089495,Small cumshot,N/A
a887850ae1869f086718a7ef150dda03,Irresistible black cock,N/A
a8a4c2c4139496ddaa4efd03d50b2ca7,Sucking him off,N/A
a8dabf7d0a0e3b25e45c92c2c8a752c8,Britney sucks those big balls,N/A
a8f7d4ee92e034a473826bad2851d4a0,hands up! lick my balls,N/A
a94441f7e966690c1544237c3e3c7743,stud balls taking work,N/A
a997ce3b000fb4024fa0fdf0b083ce0a,Her hips don’t lie,N/A
a9ac91268ecca59f9316e5f81b178e82,Ultracum,N/A
aa19e8d366e539ef5e7a45f350b00a8d,Sexy Blonde Licking Cock & Balls,N/A
aa2992e3e92c5921c69579af632ddad7,never forget the balls,N/A
aa5224314511bceb195ea4b4a7ef9893,Goosepickle > Giant Cock !!!,N/A
aa66deeb3dbf70c5c0938a6bc0a32099,nice jerking & cumshot,N/A
aa6d8432b7cac36ea048641a2d5db284,Playing with juicy ass revived,N/A
ab328dd5ad361eab7426b7fa39527d4c,Organs Remover Cock,N/A
ab5d88549e4c0a4f70173a9d51f330f0,Hands Free BBC Cuckold Cumshot,N/A
ab9b4a2063a87b06a66bfaf09845fc2c,Elegant,N/A
abb9f479c91206456234a360ff8f4b45,Massive hands-free cumshot,N/A
ac47f3947666ce1c1acaef697f9a1838,big load,N/A
ac533f1bcdaa8f674d50357792c30da2,Trick or Treat [KittyxKum],N/A
ac679f567d1f2b374086c28037858cc9,Swinging cock flaccid,N/A
ac88cb06d3bec6d006a765847f86baeb,Kendra Lust licking balls,N/A
ad00e5eeca4f046b3413fcb880d44765,My cock releasing sperm,N/A
ad1320726c7902c396b32faa0dbeea78,She Cums While He's Balls Deep,N/A
ad2b50baeb46348ac8a1a20ce50f1dde,lucky balls,N/A
ad7ee9baeb978b5671fc12b2c45b3d58,Big and Thick Monster Cock,N/A
ad845d3155c71aa50f8c3ac4841f9261,Slutty Damania #1,N/A
add8d8ddc9e4b41d775ce5c9034e40b0,Taking It Balls Deep....,N/A
addd2db96077d94f4a38737f43a30444,licking balls gif,N/A
aee5436e17fddac4f845f75a10bc927a,Eden Ivy ass to pussy,N/A
aefb166a7420f4fb02e86aad7b1d9a77,Huge balls touch other cock,N/A
af2838fcc9c8f27f2768b9ac2ba8e6eb,Donkey Cock,N/A
af511faf82b1853a89add05b49807ede,use your tongue over my balls,N/A
af6a48af194335c774045b0a0a2a3615,Uncut Cock..,N/A
b0583437e1d1dfd4369d5b227b089873,all over the balls,N/A
b0b461152652cc16fe4dd42af2fdfe29,Big White Cock Fucking Ass Mouth,N/A
b18eaf09691863a7aa7690a5b07a06ce,mina luxx sucking balls,N/A
b19c081640818436a82adad0886832f0,Cumshot 22,N/A
b1a492bb3ff20c4b73cd350c6ebcf80e,Elegant Cock-Sucker,N/A
b1bde74c1c87668109e9b6b84a2aef57,Stroking a monster white cock,N/A
b1d4b90a54f8381e2e68f835dfa0989a,big cock blowjob,N/A
b2c836e1bbdedd861bf833aef98d4fe0,Pulling down to reveal hard cock,N/A
b2d8e229708d07a5829732b63115faa2,she’s a pro at sucking balls,N/A
b2f49a4229877afa0a3968898daf8c87,nice cumshot,N/A
b313da66390c6274f5fa12ff3bba2f14,Huge uncut cock,N/A
b3f27284acdd24d64e7a8e98be1de8db,delia pence polishing balls,N/A
b4244660ee68278178b88212efb9daa3,winter time,N/A
b42da1207eb0f6998d0d895a226f397b,assfucked,N/A
b481c95a9b13c24a0c99663cfffe3692,Artistic cumshot,N/A
b4851cd5a7e8755bea876086f37c0ed7,Candy Alexa sucking balls,N/A
b48bf79bb79d253ca3159366053dfa6f,Ride that monster cock,N/A
b49adee5fbb4de92d98bf76df4e3d517,lick his balls to help him cum,N/A
b4b3523d104353390f3aa729e47d8bb3,She can tie up my balls anytime.,N/A
b51033096c197b44d530c5dbe83fef12,Monster Cock For Her,N/A
b57ff97f608a2c7d703b97db5fe13989,Cock twerking cumshot,N/A
b58762e86f37fe0edc74426d1954c96f,Sexy solo,N/A
b5ee96b35dd00202a8ca91aea25df9d9,Just a nice cumshot from my cock,N/A
b60a31c7380c9bee4c2111eef1317d3c,Big meaty cock,N/A
b620ec8d4ae354a1f90197bd5e20bb11,Cumshot 23,N/A
b7208581a52c6e36e1a42c62dee8064b,Latina monster cock anal slut,N/A
b767c094b80d28f70d9a0af6e5c1bc60,Sucking big meaty cock,N/A
b79253f83cd8a613a90bc34f0a9e4e89,Hot blonde blows a fat hard cock,N/A
b842e7f9bd73fd8e183b7c8e0212465e,bbc slowmo cum,N/A
b882c2d90b54f4a6e749aff097b62b03,Cock worship - Big Tom,N/A
b8ab7eb5e3d0722961d9249a6ba7a183,Old man ejaculating,N/A
b8d1f9d523292a66bdb8bc59096828e7,Stop and sit there for a moment,N/A
b8e29b8022ea8d7d4c03823b69aad37c,Old man ejaculating,N/A
b8ff23e8128f85afa075dab0c6c0d032,Monster cock in her ass.,N/A
b96dff426647217b07fa78ff6e97ac4f,Thick cumshot for you babe:),N/A
b972cd82cb0c941caeda71fdaf167341,Beautiful cock sucker,N/A
b9cea197536db771a57cd9078193542b,balls,N/A
b9d4b1e1502c46ea1b900668bbc0c34f,Crystal Rae Sloppy Facefuck,N/A
b9f325164aec5a587a54acf6be620b35,Balls play,N/A
bad42c773520bbb6ca4a99794089f822,venera licking balls,N/A
bad4b775aa61e0f8d316e66d527c1013,Worshipping Big Black Cock....,N/A
bb4112bddf1c79fb12c656af524f8123,Squeezing my throbbing cock,N/A
bb74adb3c5749eddd816cc9d0cd43693,Riley Reid Sucks Big Balls Hard,N/A
bbab1c99412c31699c44974e4cf18691,Hot cum in the face solo photo,N/A
bbafb323af131d16701227364f5d215a,Monster cock vs tiny teen mouth,N/A
bbc4753e0e6c33021b37a9d152981a4b,don`t forget the balls,N/A
bca1bc8bdc8addfcabbbf1b0e89d4a2b,Beyond Balls Deep,N/A
bce4d5f2fec2d15fc1825593c044391f,Taste this tasty treat,N/A
bd5c695b8df06f6bb9308fad46279911,worship that big cock,N/A
bda6c712fe0d32925912aca3b32a08a4,Spurting everywhere,N/A
bdaee9e45049c6e1f93d0cccdca22ed4,Big Monster Cock Blowjob,N/A
bdb35e6bd3df9d529f71615df68ad92d,she sucks his balls,N/A
bdcc36db2898bb8dcd9a176f13eb47ec,Balls boxing,N/A
bde35c5bc0b245ac0ae556b21687df0d,She loves his cock head,N/A
be1629dbdff2f3375060ad43d809f11e,Huge Cock right up the shitter,N/A
be8e9cbabde23354f6abbf877c7ea959,Cumshot into camera,N/A
bed5de678c4d33f6eb71961b61ec5755,Teen riding black monster cock,N/A
bf0f5746cb928554d79f31f2b320238b,cumming so hard,N/A
bf24c7807a212b530fa1aa6a106d5785,teen huge cock blowjob,N/A
bf4099872dfd412a65adb212951430d1,Solo male cumshot gif,N/A
bf4474c73c3f24c54e2f23584294a898,close-up ruined cumshot,N/A
bfa1ecc7c686674bf16d8a7b761ea4b8,Milking my dick,N/A
bff0b0eb3f39eaeee3c24ba98a09be3a,Stroking a monster white cock,N/A
c0251bb15c964c98a25b323d7f3ae49c,Cumshot 1,N/A
c09eb20a8474a3643ae7ff8c222cc845,Huge cock,N/A
c0edaba4ffdaad92fa040f39ef714f13,Close up cumshot,N/A
c14ea89ea76b56b849d8185b520f5e08,dirty slut eating balls,N/A
c20b05ad399b0a463b6ba33e930f9892,throat fuck with balls massage,N/A
c2409c9cfc32233e7d3afc3b369a16b3,Monster cock blowjob,N/A
c29d5be8d61ff63e17c5be7d1a0af49d,hypnotic balls swinging,N/A
c4328aa18887a9012ceaaee965674765,beautiful black cock dancing,N/A
c43948f4306848647c0289631c0105b6,my bouncing balls,N/A
c51a2caa38db7ef4d0d80cea6f8e31ba,Alpha cock makes me salivate,N/A
c52f2d02cf6c151cde460f192e48b9fb,licking balls gif,N/A
c54065576aebb9b8aad891711cfe165c,Rub That Cock Across Your Lips,N/A
c546f490d75dd07a6a37b4ae794836d8,Nice Cumshot,N/A
c61a3b527267187b521e42b18faca6ad,Blowjob sucks cum out of balls,N/A
c66bad63948828a1b4e5d2cfb8e5e283,balls,N/A
c6d392fd88d75c9891ddd657dcf4d276,Big cock,N/A
c6f1db24799d05f9649e2536be2d8346,Huge cock deeeep up the shitter,N/A
c74ab54dcf35b0c80b7199e45852f270,Balls inside her hole,N/A
c7a0a6e21d9db7098459990fe88aa028,BBC cumshot,N/A
c7a19baf75a0d6e0d2e40d0fcd11ab57,Sucking a thick-cock,N/A
c842684bf91e73a19ebf381755a93345,Huge cock,N/A
c857b1f9f9c9c74e11d99e01777e9dfc,Worship The Cock,N/A
c88ae479aa2f506895e54ee6509527e4,balls massage while fucking,N/A
c967592c8002aadfba4f34a35f3cfef4,Huge saggy balls,N/A
c9825b1d791d7b439d7dd9f2ca4b244b,Huge Floppy Cock,N/A
c9a9bc3efac722dcc918a800e9ddd6c5,Cumshot,N/A
c9f2e5a51fe9b987c4d6af66eb50f9c2,licking balls gif,N/A
ca2b1e8f7f0985e639bad711a1f8f6c0,Big fat cock worship,N/A
ca9431405453e9dec4df450e53b77cb9,Deepthroat with balls lick,N/A
cab93e6550344bf68bff190f7ed3a0b4,Hard cock rider,N/A
cacb02d71d9068e021be49b42c7eea8b,Bouncing balls and ruined orgasm,N/A
caf3654a6a3a3da65d16f184212f777f,Swinging cock,N/A
cb4efd2dd1cbd06415204286b3085474,bwc erupting,N/A
cb6ae313855a0891e0a42082aaab5cf4,bwc cumming hands free,N/A
cb85e2bcf36cd83ec447512e647d4763,PC02CS - Morning Cumshot - Mono,N/A
cc14bb7628d8c5e3a43bb32996dfafd7,amazing,N/A
cc3f0120fd98d35ebf76aa09536a1a03,sucking balls eye contact,N/A
ccf5169fcfbef2d212510740562d6fc2,Worshiping Daddys Huge Cock,N/A
cd3ef38f53133bc56e249f5680f020ff,balls suck,N/A
cd66a15b2082012e11f9443094496e13,White lace cumshot,N/A
ce0f0e912274116f0e029998b0785bb1,gently licking balls,N/A
ce13773d49a061eda90e1bdf4921e0be,Taking that cock deep,N/A
ce1f7f2916cf0aaca3135fe0036d0d0f,fuck machine cumshot,N/A
ce252c8fb9be11c4fdcbf9b55ff3904b,Cumshot 13,N/A
ce481efbb3c57f5fba93e4e831fd07ef,cumshot after edging,N/A
ce9a1a5c26c95d6a4eb9b440ca809c0a,kissing balls,N/A
cf135337eef3a2b9c15c81608907bfa0,Nice View & POV,N/A
cf18edfe02b90fa43405d94c67d48614,Handsfree endless stream of cum,N/A
cf3e919e3dba6c4e7c84114954761007,dangling balls,N/A
cf869f7c048ef07a540ffde81805c613,Asian Licking And Sucking Balls,N/A
cf9f5a5e34e4f06f3ef95845a726dc6f,Ass made for huge cock,N/A
cff3ea5d14c82f9e3029612b692f0353,Big shaved cock,N/A
d076b76ba1aacf8f606c535b56b155ac,Rubbing one out,N/A
d08e8d0fb778c2f1ebf9192b7eea47b9,gina valentina oral,N/A
d0aa0ead6ecafdb987289c0478047e91,Cock swing,N/A
d0bcbd49eac28bf5aa6a0a215f8c9b85,Paying off her boyfriend's debt,N/A
d0f6a06ef30350f01ea3cc601ca5c5cd,Nice big cock,N/A
d124fa98c9e2c93076d864106a76607a,Slapping Her Monster Cock....,N/A
d149e7dd223dce2819bdfacc142d7faa,balls service,N/A
d209d558ee26c1050af98ddadb8da1c0,Cum tribute to Air A,N/A
d21bdafe33b9c52fece9b59762466731,Two for you..,N/A
d24cfe561530a968defe1e5955791043,Awesome cock suckery slut,N/A
d2a5075254d3da3069021ed4a956a64b,Federyca loves cock,N/A
d2bd226f855d246de86540a628a05ab4,Julie strokes cock,N/A
d2d2d3b6ad3f5593ecd0a8673f884925,Federyca blowjob queen,N/A
d2f5f90be8bab0911bdff2d0035b1bd5,Blonde riding a monster,N/A
d31b6b6add41d849ee28c3529dd1e4f4,just the tip cumshot,N/A
d3541f43990b4e8433c48587c84ecce4,That’s a big cock,N/A
d3b6893893583265887201e15d53d417,huge white cock,N/A
d4079b343fb8352c1f47dc6ec85bc107,Huge cock,N/A
d4180e088bce2a2242d86666f84fd49a,babe sucks ass and balls,N/A
d42eba01eac1289d5f0e5f980e049726,My cock releasing a load,N/A
d4754a89c2406b32e7fabd51ff79f6b4,Huge cock licking,N/A
d4822b5c3a5a59a5ab419cef2f2d5343,big balls pumping teen ass,N/A
d49b9b5fabbb60fa6215ba477757d556,rub my balls. play with them,N/A
d4a7ba276752b297449ae7e7a2437968,Gold Medalist Humongous Cock,N/A
d5f72af25b3baa664dabc764390def22,bwc spraying everywhere,N/A
d6b0d7ba13390130271f14eb8361af7c,Handsfree teen tribute,N/A
d7e63f6c419e31bc62abbcfecbce1c16,Cumming Thick After Shower,N/A
d83435780d1b6b5a87e82fb98a65b150,. serving breakfast !,N/A
d859f7541e052d3c86f1f676e9c08c44,sucking and licking bbc balls,N/A
d993dc75e8d0c11a8650540b458e25ff,Monster black cock strokes.,N/A
d9dbba1177ad2189c9d366c2611ad58d,Amazing buttsex,N/A
da3dce23dd72caa15e905eeb9ac16afd,gonna switch holes,N/A
da951541ae0164c2ee6fad90afad55cd,worship alpha cock,N/A
dab8a2fe7e8d264a85760174997b576a,I'm a Big Black Cock Addict....,N/A
dabee9f87d4b1d9acec537982dfd4489,I need this as a daily ride,N/A
daeacb662f11639f621eac09ab18feee,xoxo_tnsfw,N/A
daf7a212da8a0864acfbec30a9f8cf22,Lot Of Cock Beef,N/A
db23252ee2a0663b40dd691009dbea89,melissa lynn sucking balls,N/A
db9b3413d1f6849a35a016fb495ab9a8,Cumshot 5,N/A
dbbd3c769ae3928ed8c162e1e7efaa36,Huge cumshot,N/A
dc16476eada5bde034d84dbc46d98178,Shooting a big load cumshot,N/A
dc6b7ba40ee226a37e3079c2322e6060,Huge cock spraying cum,N/A
dc874b03d054f033e7ea7bcd9c2fed30,Eden Ivy Perfect Anal Position,N/A
dc9a2407b5212a9972e0241374552c80,PC02CS - Morning Cumshot,N/A
dd5ebaf2566f422b98239ea439244917,Deep and intense anal....,N/A
dd65da231b9e125728d2670b6a4e2e10,THICK Cock,N/A
dd7070af19828e89348cb9c05bab2921,Soo tight,N/A
dd99b6d6e927595af31aae77a6e79411,balls massage while fucking,N/A
ddbb952be31cb72329aec31417fbea4e,Yummy,N/A
de0d4360effba076f221c733f39fbd30,Jayden Jaymes sucks balls,N/A
de727b881e032355102b21a6de647cf3,Spurting everywhere,N/A
deb07d4781021e2c2932cbec16425c2e,deepthroat until balls are in,N/A
debdbc83090c3c967bdf391617e95d32,Cute emo teen licking balls,N/A
debe639dad500c12bc7510395ef25773,stretchy little anus,N/A
decdc7718ac6114f5aa131a3708646d5,Those fuck me eyes,N/A
dee0f36dbe753139272f0ba0f87cfe1d,Monster cock anal wrecking,N/A
df3eed1fb4b17a355a28cbc0ec8099a0,Cumshot 8,N/A
df83fa3b4fb4043680c716493bb16c9f,Bruaaru cock tease,N/A
df883098c93ecb43b7eb0d48782315e4,Look at that tounge play,N/A
df9ea7fa5c3a0e37d7393fce748719a6,Little cutie rides a big cock,N/A
e017561cf2a0e54c977875ca68662734,Never Forget the Balls,N/A
e092477221ece36fb40d1093fed80e87,Cock Slapped,N/A
e0ed544d360bbe48fdf47c278992ead3,cock-in-pussy.gif,N/A
e0f5bfaa771a1fe76b7a4f893fd7cef5,cock,N/A
e197d69394cf03528f88fe8487bf06fa,Deepthroat & Balls grabbing,N/A
e1c33dc94d6dbeaf1097d48d9e481677,huge cock slides right in,N/A
e1dd43d8041c56bcb23221a5e8eed671,licking balls,N/A
e1e59283f77158cf4d3e3e4e811e3223,start with balls,N/A
e2b07d71f927ec16e73a45b0fdd636f9,Worshiping the Balls.....,N/A
e2ce3f8af592a95ca1e536545d9716d9,She’s all over that cock,N/A
e32f469fd78b45492f47102b552ed217,Monster cock at work,N/A
e35bba71d125fa5be5b17d473500f267,Lexi belle - monster cock,N/A
e36b08c7ec82c8c6498fd66bc393a34e,Jessica Payne,N/A
e449af3f4b2217b911aa06a00b2d0bd6,Cheeky Cherub,N/A
e4a1e6a1f408e855c5d3d9b05fa42708,she sucks the balls of this bbc,N/A
e55dbb4a465751142b7422430be6c6dd,squish them balls,N/A
e5a0925101fa1ea63ab464ac7d8d9ce7,Anal,N/A
e601b4729626e9f2c9fd671a4c274e2b,Big Cock Slut!,N/A
e68ecc18f725a264ad087444dd7aaf16,licking balls. eye contact,N/A
e6a716163727d35722bdaa352a0fd24d,Riding big long white cock,N/A
e6ccaaee9b77c3d27d99efe2c9901258,White lace cumshot,N/A
e6cfc3a73b1cb1763d7c2db7e1e9b761,Like my Cock,N/A
e6ef47dcff204370596ceb141dfc7729,slutty asian sucking balls,N/A
e6fa52ffbf9a23ba11afe2811b1c9c01,Cum volcano,N/A
e7186b63b905fb088b14b35cad2c6f60,Almost hands-free edging cumshot,N/A
e800dc2eeff6a0a073e069806eac4be3,Couldn't wait,N/A
e81d5c41d7121590c334a3177c0e8dc2,Handsome,N/A
e8c1c5a4f1d7e82c144a142a8ab5ed47,On her knees to worship his cock,N/A
e8ecd2fa22c56d5074a9c25e89b32b50,Huge balls cumshot,N/A
e90f293510e6491965378abfb61e4e30,pov: black cock worship,N/A
e93cb30af581e4511c2ddc1358c2060a,Backing it up on a big fat cock,N/A
e95c8aee698a2f3627e6f4e45ce544d0,Misslexa licking balls,N/A
e9867513a6158ab6aa0b445ef9ad5db7,Humongous cock,N/A
e9d64456e96404bdeaa3295c1f8077d1,woman intensely sucks bbc balls,N/A
e9e1518c4a89a791901eeb32c7e04c5b,gatilo,N/A
ea21d80d789b91978dbb05c06cccf57e,Big cock for her to play,N/A
ea5a5a1fb65ae1ff8b101627d339f15e,Balls deep anal,N/A
eac08a9b027ea5b3fc069a59f9f0e914,Teen licks a fat cock,N/A
eb6aa0dc9912b049ebc9fdf381d383c3,Cum tribute,N/A
eb74ce15f38b18475d4552e4a0f735a4,Huge Cumshot,N/A
eb9c8026c1d67a4883a3515922444068,balls massage,N/A
ecdf9732bea69e04c05123c81848adff,balls licking,N/A
ed53a9054e6431b2680cadb9bb6a0f1a,Thick veiny white cock cumming,N/A
ed811f6bffdab7b4477abd42be844a2b,Big cock surprise gif,N/A
ed9b9aaf1b18464b9b0fa491c79975a2,You Love Cock. Cock Loves You.,N/A
ee5418456fef4c13bc3a6184ae7e8989,Riding monster cock on webcam,N/A
ee74d738363fab1b8dc0c67d5ada09dd,Ass fucked by big cock and balls,N/A
eeb12a542ff0f76ac210067b7fa730a0,"Deep throat cock, lick balls",N/A
ef045015d1685cdb37dad5192736f72b,Women were born to suck cock,N/A
ef3ba7a4fc021e2c931043db8c60ffc0,sucking balls with a stretch,N/A
ef57d9ce240bcd0e009f293fdb99651d,teen amature sucking balls,N/A
ef5f20d62f7afad8d57d35ee37052442,soapy cock,N/A
efa9a56da909e361f02558ab7d7e5acd,Blonde Sexy,N/A
efcbcb7f0d348bba0cdc732bf7bc5e50,lucky cock and balls,N/A
f0935a2af380e17a6c0def7d7e7bd6d9,Big cock hard cock,N/A
f0ad912003cf76257aa0639cf9dae36f,Deep fat white cock anal,N/A
f0e8d5267158d052e6e6c0e88aa53b0c,Begging for Cum,N/A
f1588068734a0b84e2e3205fe4082ba2,Big Bouncy Balls,N/A
f19cdd56bbd183344b88f0ae6b126d4c,Stroking my dick for you,N/A
f1e5a603196349e6f819362a9977f538,Cumshot 17,N/A
f1e9a4e75bbead6c4c867c601fefcf5d,Spider-man Shoots,N/A
f241773da1fbdca2f1a7dc657a26536e,Huge cumshot,N/A
f257fae43b5b56d72793087184c001fb,teen sucking big cock,N/A
f263d3bad34699978f1b18dbb4eedcec,where is it oh there you go,N/A
f2682b05047d36d8185ea0b624308a6e,SUPERIOR BLACK SEED,N/A
f26e5a32f2e4afba602f7452b01b7545,BAM !! Monster cock and boogers,N/A
f2af1be319f16c1444a0eb51135494aa,Face fuck balls deep,N/A
f2d4e72a9fa8fc68e41073cffa6029dc,Amazing cumshot! ❤️,N/A
f2da4cf2f802a21b897134658da9f1fe,two mouths,N/A
f30f4f69f3e38c4dccd4c6fd87011bb0,cumshot,N/A
f36edc22cdbe5570fa9dc72e3ff64f13,Monster cock,N/A
f3ab991f3a9e3ca3589bc67d43125b9d,My cock releasing a load,N/A
f496e5c6af7c7ae6df1f827ff533bc14,Huge cock,N/A
f4fc3e35f9943f67088cc31134b50790,nice handjob & beautiful cumshot,N/A
f53c6f29d39cf5abc91a0d6c02d27f46,Cock worship,N/A
f5426afdd87b6d9838c9a79a1366719b,stand up cumshot,N/A
f55b0981fb06b7dd72bff5adf50e84e6,Hands free cumshot,N/A
f62096e95d480cfe612736ee9297b64a,Worshiping His Big Black Cock...,N/A
f623312a3e9ba692bccb87dd2f93924a,"balls, balls and balls",N/A
f66d334ab452d04b80be35310a5355de,huge white cock cumshot,N/A
f68198e8e18b04fb7598726371f9ae87,Spooned Balls-deep,N/A
f6829569ab15b906e581b97651e1a0ac,Cumshot 6,N/A
f6c1a67f5676030e5e50951525997fe6,Cumshot 3,N/A
f837c6bc933418210a367f49d5326be6,Busting a nut,N/A
f86c06f6945e5aaf9726258a2fd540ce,sucking and licking balls,N/A
f8b601a37afcde1bf35e8779f984861d,sucking balls,N/A
f8c54f8d686fd3680d20cc4624d2daa5,balls massage,N/A
f8c8e3bec8522577e605ae198e85f5c2,Spurting all over,N/A
f8e0376a521929b3c18de09cbddd9bbb,Deepthroat with eye contact,N/A
f8f8da74abf78c06b1bb77407debb3df,cumshot Wednesday,N/A
f954f2c12cf93cb86e09bea03c2a943b,13 inches Long Cock in Action,N/A
f9f969aec833ee2c6093e0bb9e08f11a,Cock-Sucker For Life,N/A
fa037d20a9cea1ac9f5eb1b3fa17f2a3,hungry for balls,N/A
fa6d9940417fbaee358336b040bfbb51,LONG Cock Surprise!!!,N/A
fa71686941a5518b659283c8764d04c7,Danny D amazing cock,N/A
fadba516ce0d03e39989716b8809d231,Sucking him dry,N/A
fae33cdbe1808d908bd0c733f70d3e15,me :) by cumshot,N/A
fb003497e4c6965bb4f0d4ef0ed33e4c,Dick shooting big cumshot,N/A
fb09185fe21a2556932b5df6cac1ce0c,balls,N/A
fb51c5f7649fed4cdaa894927019805b,next level. licking balls,N/A
fbf9861c2e4af00ffd028ca1285fc6b4,balls blow,N/A
fcbddb6552d3974169d9523bf6c698cf,balls deep,N/A
fdab243ba34bea16c799c476d508eb04,Drain his balls completely,N/A
fe1501cacb147c84b261511fe2a0c77b,Cock twerking cumshot,N/A
fea172b2ac735d242350be7080cc4695,worship your man's balls,N/A
ff35e2a1710e45ad41aa9d07a3ae2dac,Whooty Ride Cock,N/A
ffc8da9ec79acd7b6885631c36b9bf55,licking balls gif,N/A
ffcc4fe65bc4c685377ea1202204b6e5,Cumshot 21,N/A
